{"cameraMode":{"drawMode":0,"name":"Shaded","section":"Shading Mode"},"sceneLighting":true,"audioPlay":false,"sceneViewState":{"m_AlwaysRefresh":false,"showFog":true,"showSkybox":true,"showFlares":true,"showImageEffects":true,"showParticleSystems":true,"showVisualEffectGraphs":true,"m_FxEnabled":true},"in2DMode":false,"pivot":{"x":-0.36875373125076296,"y":0.03636109083890915,"z":-21.39081382751465},"rotation":{"x":0.0005903395358473063,"y":-0.0054038092494010929,"z":-0.000010297530025127344,"w":-1.0000035762786866},"size":8.203872680664063,"orthographic":false}